season_desc,sum_hour,total_rentals,rentals_per_hours
fall,4298,909146,211.52768729641693
summer,4253,805771,189.4594403950153
winter,4100,741576,180.87219512195122
spring,4223,457818,108.41060857210513
