weather_desc,sum_hour,total_rentals,rentals_per_hours
"Clear, Few clouds",11020,2042163,185.31424682395644
"Mist + Cloudy, Mist",4444,722712,162.62646264626463
"Light Snow, Light Rain clouds",1407,149213,106.0504619758351
Heavy Rain,3,223,74.33333333333333
