day_desc,sum_hour,total_rentals,rentals_per_hours
Working hour,16376,2837264,173.25744992672205
Holiday,498,77047,154.7128514056225
